"UPDATED","ENTRY_DATE","EVENT_LCL_DATE","EVENT_LCL_TIME","LOC_CITY_NAME","LOC_STATE_NAME","LOC_CNTRY_NAME","RMK_TEXT","EVENT_TYPE_DESC","FSDO_DESC","REGIST_NBR","FLT_NBR","ACFT_OPRTR","ACFT_MAKE_NAME","ACFT_MODEL_NAME","ACFT_MISSING_FLAG","ACFT_DMG_DESC","FLT_ACTIVITY","FLT_PHASE","FAR_PART","MAX_INJ_LVL","FATAL_FLAG","FLT_CRW_INJ_NONE","FLT_CRW_INJ_MINOR","FLT_CRW_INJ_SERIOUS","FLT_CRW_INJ_FATAL","FLT_CRW_INJ_UNK","CBN_CRW_INJ_NONE","CBN_CRW_INJ_MINOR","CBN_CRW_INJ_SERIOUS","CBN_CRW_INJ_FATAL","CBN_CRW_INJ_UNK","PAX_INJ_NONE","PAX_INJ_MINOR","PAX_INJ_SERIOUS","PAX_INJ_FATAL","PAX_INJ_UNK","GRND_INJ_NONE","GRND_INJ_MINOR","GRND_INJ_SERIOUS","GRND_INJ_FATAL","GRND_INJ_UNK"
"No","25-MAR-24","23-MAR-24","01:30:00Z","ACTON","CALIFORNIA","UNITED STATES","AIRCRAFT EXPERIENCED ENGINE ISSUES AND CRASHED INTO TERRAIN, ACTON, CA.","ACCIDENT","VAN NUYS FSDO","N1695H","","","PIPER","PA28","No","SUBSTANTIAL","INSTRUCTION","UNKNOWN (UNK)","91","NONE","No","1","0","0","0","0","0","0","0","0","0","1","0","0","0","0","0","0","0","0","0"
"No","25-MAR-24","23-MAR-24","18:47:00Z","ST PETERSBURG","FLORIDA","UNITED STATES","AIRCRAFT LANDED GEAR UP, ST PETERSBURG, FL.","ACCIDENT","TAMPA FSDO","N33UR","","","PIPER","PA31","No","SUBSTANTIAL","PERSONAL","LANDING (LDG)","91","NONE","No","1","0","0","0","0","0","0","0","0","0","1","0","0","0","0","0","0","0","0","0"
"No","25-MAR-24","23-MAR-24","21:34:00Z","RICHMOND","VIRGINIA","UNITED STATES","AIRCRAFT ENCOUNTERED SEVERE TURBULENCE INJURYING FLIGHT ATTENDANT, RICHMOND, VA.","INCIDENT","RICHMOND FSDO","N3118J","JBU53","JET BLUE AIRLINES","AIRBUS","BD-500-1A11","No","UNKNOWN","COMMERCIAL","EN ROUTE (ENR)","121","MINOR","No","2","0","0","0","0","0","1","0","0","0","0","0","0","0","0","0","0","0","0","0"
"Yes","25-MAR-24","22-MAR-24","17:03:00Z","BOUNTIFUL","UTAH","UNITED STATES","AIRCRAFT LANDED HARD AND NOSE GEAR SEPARATED, BOUNTIFUL, UT.","INCIDENT","SALT LAKE CITY FSDO","N135BF","","","CZECH SPORT AIRCRAFT","SPORTCRUISER","No","MINOR","INSTRUCTION","LANDING (LDG)","91","NONE","No","1","0","0","0","0","0","0","0","0","0","1","0","0","0","0","0","0","0","0","0"
"No","25-MAR-24","24-MAR-24","18:10:00Z","TAVERNIER","FLORIDA","UNITED STATES","AIRCRAFT CRASHED FOR UNKNOWN REASONS ON A PRIVATE STRIP, TAVERNIER, FL.","INCIDENT","SOUTH FLORIDA FSDO","N291AG","","","AUTOGYRO GMBH","MTO SPORT","No","UNKNOWN","PERSONAL","UNKNOWN (UNK)","91","UNKNOWN","No","0","0","0","0","1","0","0","0","0","0","0","0","0","0","1","0","0","0","0","0"
"No","25-MAR-24","25-MAR-24","01:54:00Z","SALT LAKE CITY","UTAH","UNITED STATES","AIRCRAFT PILON PANEL BEHIND #1 ENGINE DETACHED ON TAKEOFF AND RETURNED TO AIRPORT, SALT LAKE CITY, UT.","INCIDENT","SALT LAKE CITY FSDO","N405DX","DAL56","DELTA AIRLINES","AIRBUS","A330","No","UNKNOWN","COMMERCIAL","TAKEOFF (TOF)","121","NONE","No","0","0","0","0","0","0","0","0","0","0","0","0","0","0","0","0","0","0","0","0"
"Yes","25-MAR-24","24-MAR-24","21:40:00Z","HAYWARD","CALIFORNIA","UNITED STATES","AIRCRAFT LANDED AND GEAR COLLAPSED ON TAXIWAY, HAYWARD, CA.","INCIDENT","OAKLAND FSDO","N816P","","","MOONEY","M20V","No","MINOR","PERSONAL","TAXI (TXI)","91","NONE","No","1","0","0","0","0","0","0","0","0","0","1","0","0","0","0","0","0","0","0","0"
"No","25-MAR-24","24-MAR-24","18:37:00Z","AUBURN","ALABAMA","UNITED STATES","AIRCRAFT CRASHED FOR UNKNOWN REASONS SHORTLY AFTER TAKEOFF, AUBURN, AL.","INCIDENT","ALABAMA AND NW FLORIDA FSDO","N863AU","","AUBURN UNIVERSITY","CESSNA","172","No","UNKNOWN","FAR 141 PILOT SCHOOL","TAKEOFF (TOF)","91","UNKNOWN","No","0","0","0","0","1","0","0","0","0","0","0","0","0","0","0","0","0","0","0","0"
"No","25-MAR-24","22-MAR-24","21:45:00Z","MURRIETA","CALIFORNIA","UNITED STATES","AIRCRAFT LANDED GEAR UP, MURRIETA, CA.","INCIDENT","RIVERSIDE FSDO","N1383J","","","ROCKWELL INTERNATIONAL","112A","No","UNKNOWN","PERSONAL","LANDING (LDG)","91","NONE","No","1","0","0","0","0","0","0","0","0","0","0","0","0","0","0","0","0","0","0","0"
"No","25-MAR-24","23-MAR-24","12:32:00Z","SAN FRANCISCO","CALIFORNIA","UNITED STATES","AIRCRAFT STRUCK A BIRD ON DEPARTURE DAMAGING PILOT SIDE WINDOW, SAN FRANCISCO, CA.","INCIDENT","OAKLAND FSDO","N37535","UAL1003","UNITED AIRLINES","BOEING","737","No","MINOR","COMMERCIAL","TAKEOFF (TOF)","121","NONE","No","0","0","0","0","0","0","0","0","0","0","0","0","0","0","0","0","0","0","0","0"
"No","26-MAR-24","25-MAR-24","13:15:00Z","ST AUGUSTINE","FLORIDA","UNITED STATES","AIRCRAFT CRASHED UNDER UNKNOWN CIRCUMSTANCES SHORTLY AFTER DEPARTURE, ST AUGUSTINE, FL.","ACCIDENT","ORLANDO FSDO","N4387W","","","MOONEY","M20K","No","DESTROYED","PERSONAL","TAKEOFF (TOF)","91","FATAL","Yes","0","0","0","1","0","0","0","0","0","0","0","0","0","1","0","0","0","0","0","0"
"No","25-MAR-24","20-MAR-24","11:35:00Z","SCHARDING","UPPER AUSTRIA","AUSTRIA","AIRCRAFT MADE A HARD LANDING AND ROLLED OVER, SCHARDING, AUSTRIA.","ACCIDENT","NEW YORK IFO","N5050","","","ROBINSON","R44","No","SUBSTANTIAL","INSTRUCTION","MANEUVERING (MNV)","","MINOR","No","0","1","0","0","0","0","0","0","0","0","1","0","0","0","0","0","0","0","0","0"
"No","26-MAR-24","25-MAR-24","17:16:00Z","SAN SABA","TEXAS","UNITED STATES","AIRCRAFT EXPERIENCED ENGINE ISSUES, DIVERTED TO 81R AND CRASHED SHORT OF THE RUNWAY, SAN SABA, TX.","INCIDENT","SAN ANTONIO FSDO","N498TB","","","CESSNA","T210","No","UNKNOWN","PERSONAL","LANDING (LDG)","91","NONE","No","1","0","0","0","0","0","0","0","0","0","0","0","0","0","0","0","0","0","0","0"
"No","26-MAR-24","25-MAR-24","23:49:00Z","KNOXVILLE","TENNESSEE","UNITED STATES","AIRCRAFT ATTEMPTING TO LAND IN THE TENNESSEE RIVER, CRASHED IN THE WATER FOR UNKNOWN REASONS AND FLIPPED OVER, KNOXVILLE, TN.","INCIDENT","NASHVILLE FSDO","N912GB","","","PROGRESSIVE AERODYNE","SEAREY","No","UNKNOWN","PERSONAL","LANDING (LDG)","91","NONE","No","1","0","0","0","0","0","0","0","0","0","0","0","0","0","0","0","0","0","0","0"
"No","26-MAR-24","26-MAR-24","05:15:00Z","LIHUE","HAWAII","UNITED STATES","AIRCRAFT LANDED AND STRUCK A BIRD DAMAGING THE NOSE, LIHUE, HI.","INCIDENT","HONOLULU FSDO","N550DN","DAL344","DELTA AIRLINES","AIRBUS","A321","No","UNKNOWN","COMMERCIAL","LANDING (LDG)","91","NONE","No","2","0","0","0","0","0","0","0","0","0","183","0","0","0","0","0","0","0","0","0"
"No","27-MAR-24","26-MAR-24","21:10:00Z","LAKEPORT","CALIFORNIA","UNITED STATES","AIRCRAT GEAR COLLAPSED ON LANDING AND SLID OFF RUNWAY, LAKEPORT, CA.","INCIDENT","SACRAMENTO FSDO","N264DM","","","GLASAIR","GLASAIR RG","No","MINOR","PERSONAL","LANDING (LDG)","91","NONE","No","1","0","0","0","0","0","0","0","0","0","1","0","0","0","0","0","0","0","0","0"
"No","27-MAR-24","26-MAR-24","21:10:00Z","LAKEPORT","CALIFORNIA","UNITED STATES","AIRCRAFT ON DEPARTURE, ENGINE STALLED, LANDED AND RAN OFF RUNWAY, LAKEPORT, CA.","INCIDENT","SACRAMENTO FSDO","N3374V","","","BEECH","F35","No","MINOR","PERSONAL","TAKEOFF (TOF)","91","NONE","No","1","0","0","0","0","0","0","0","0","0","1","0","0","0","0","0","0","0","0","0"
"No","27-MAR-24","27-MAR-24","00:30:00Z","BLYTHE","CALIFORNIA","UNITED STATES","AIRCRAFT EXPERIENCED ENGINE ISSUES AND LANDED IN THE DESERT DAMAGING LEFT WINGTIP, BLYTHE, CA.","INCIDENT","RIVERSIDE FSDO","N9611","","","NAVAL AIRCRAFT FACTORY","N3N-3","No","MINOR","UNKNOWN","EN ROUTE (ENR)","91","NONE","No","1","0","0","0","0","0","0","0","0","0","1","0","0","0","0","0","0","0","0","0"
"No","27-MAR-24","27-MAR-24","00:54:00Z","INDIANAPOLIS","INDIANA","UNITED STATES","AIRCRAFT STRUCK A BIRD ON DEPARTURE AND RETURNED TO AIRPORT, INDIANAPOLIS, IN.","INCIDENT","INDIANAPOLIS FSDO","N533TX","JLG533","JET LOGISTICS","TEXTRON","525","No","UNKNOWN","AMBULANCE","TAKEOFF (TOF)","135","NONE","No","","0","0","0","0","0","0","0","0","0","0","0","0","0","0","0","0","0","0","0"
"No","27-MAR-24","27-MAR-24","01:42:00Z","PORTLAND","OREGON","UNITED STATES","AIRCRAFT STRUCK A BIRD ON DEPARTURE AND POST FLIGHT INSPECTION REVEALED A DENT IN THE AIRFRAME, PORTLAND, OR.","INCIDENT","PORTLAND FSDO","N48521","","HILLSBORO AERO ACADEMY","CESSNA","152","No","UNKNOWN","FAR 141 PILOT SCHOOL","TAKEOFF (TOF)","91","NONE","No","1","0","0","0","0","0","0","0","0","0","0","0","0","0","0","0","0","0","0","0"
"No","20-MAR-24","05-MAR-24","21:00:00Z","COOKSON","OKLAHOMA","UNITED STATES","AIRCRAFT LANDED HARD INCURRING A PROP STRIKE, COOKSON, OK.","INCIDENT","WILL ROGERS FSDO","N84MA","","","VANS","RV7","No","MINOR","PERSONAL","LANDING (LDG)","91","NONE","No","1","0","0","0","0","0","0","0","0","0","1","0","0","0","0","0","0","0","0","0"
"No","20-MAR-24","19-MAR-24","19:20:00Z","KALAMAZOO","MICHIGAN","UNITED STATES","AIRCRAFT LANDED HARD AND BOUNCED SEVERAL TIMES DAMAGING THE NOSE STRUT, KALAMAZOO, MI.","INCIDENT","GRAND RAPIDS FSDO","N247BW","","","VANS","RV7","No","MINOR","PERSONAL","LANDING (LDG)","91","NONE","No","1","0","0","0","0","0","0","0","0","0","1","0","0","0","0","0","0","0","0","0"
"No","20-MAR-24","18-MAR-24","21:50:00Z","AITKIN","MINNESOTA","UNITED STATES","AIRCRAFT ON TAKEOFF ENCOUNTERED A GUST OF WIND AND FLIPPED OVER, AITKIN, MN.","INCIDENT","MINNEAPOLIS FSDO","N788JN","","","CIRRUS","SR20","No","UNKNOWN","PERSONAL","TAKEOFF (TOF)","91","MINOR","No","0","1","0","0","0","0","0","0","0","0","0","0","0","0","0","0","0","0","0","0"
"No","22-MAR-24","21-MAR-24","18:10:00Z","NORFOLK","VIRGINIA","UNITED STATES","AIRCRAFT LANDED AND VEERED OFF RUNWAY DUE TO A GUST OF WIND, NORFOLK, VA.","INCIDENT","RICHMOND FSDO","N9269A","","","CESSNA","170","No","UNKNOWN","PERSONAL","LANDING (LDG)","91","NONE","No","1","0","0","0","0","0","0","0","0","0","0","0","0","0","0","0","0","0","0","0"
"Yes","22-MAR-24","22-MAR-24","05:30:00Z","ANKENY","IOWA","UNITED STATES","AIRCRAFT STRUCK A BIRD ON DEPARTURE AND POST FLIGHT INSPECTION REVEALED DAMAGE TO THE WING FAIRING AND LEADING EDGE, ANKENY, IA.","INCIDENT","DES MOINES FSDO","N2231E","","","CESSNA","182","No","MINOR","PUBLIC USE","TAKEOFF (TOF)","","NONE","No","1","0","0","0","0","0","0","0","0","0","0","0","0","0","0","0","0","0","0","0"
"No","22-MAR-24","20-MAR-24","21:55:00Z","ATCHISON","KANSAS","UNITED STATES","AIRCRAFT RIGHT MAIN GEAR SHEARED OFF ON LANDING, ATCHISON, KS.","INCIDENT","WICHITA FSDO","N7135G","","","CESSNA","421","No","MINOR","PERSONAL","LANDING (LDG)","91","NONE","No","1","0","0","0","0","0","0","0","0","0","0","0","0","0","0","0","0","0","0","0"
"No","22-MAR-24","21-MAR-24","17:00:00Z","COOLIDGE","ARIZONA","UNITED STATES","AIRCRAFT STALLED ON DEPARTURE AND CAME DOWN HARD ON THE LANDING GEAR, COOLIDGE, AZ.","ACCIDENT","SCOTTSDALE FSDO","N755LA","","","DIAMOND","DA40","No","SUBSTANTIAL","PERSONAL","TAKEOFF (TOF)","91","NONE","No","1","0","0","0","0","0","0","0","0","0","1","0","0","0","0","0","0","0","0","0"
"No","21-MAR-24","20-MAR-24","23:50:00Z","ROCHESTER","MINNESOTA","UNITED STATES","AIRCRAFT CRASHED UNDER UNKNOWN CIRCUMSTANCES WHEN THE BALLOON SEPARATED FROM THE BASKET AND POST CRASH FIRE, ROCHESTER, MN.","INCIDENT","MINNEAPOLIS FSDO","N5236R","","","AEROSTAR INTERNATIONAL","S53A","No","UNKNOWN","PERSONAL","EN ROUTE (ENR)","91","NONE","No","1","0","0","0","0","0","0","0","0","0","2","0","0","0","0","0","0","0","0","0"
"No","21-MAR-24","20-MAR-24","16:20:00Z","APOPKA","FLORIDA","UNITED STATES","AIRCRAFT STRUCK A PEDESTRIAN THAT WAS LANDSCAPING WITH THE WINGTIP WHILE TAXIING, APOPKA, FL.","INCIDENT","ORLANDO FSDO","N686JA","","","PIPER","PA28","No","UNKNOWN","PERSONAL","TAXI (TXI)","91","MINOR","No","1","0","0","0","0","0","0","0","0","0","0","0","0","0","0","0","1","0","0","0"
"No","21-MAR-24","19-MAR-24","17:18:00Z","MINNEAPOLIS","MINNESOTA","UNITED STATES","AIRCRAFT INCURRED A PROP STRIKE DUE TO A GUST OF WIND WHILE TAXIING, MINNEAPOLIS, MN.","INCIDENT","MINNEAPOLIS FSDO","N1184F","","","CESSNA","172","No","MINOR","PERSONAL","TAXI (TXI)","91","NONE","No","1","0","0","0","0","0","0","0","0","0","1","0","0","0","0","0","0","0","0","0"
"No","21-MAR-24","20-MAR-24","20:30:00Z","JACKSONVILLE","FLORIDA","UNITED STATES","AIRCRAFT PERFORMING TOUCH AND GOS VEERED OFF RUNWAY DUE TO A GUST OF WIND, JACKSONVILLE, FL.","INCIDENT","ORLANDO FSDO","N7989U","","","CESSNA","172","No","UNKNOWN","INSTRUCTION","MANEUVERING (MNV)","91","NONE","No","1","0","0","0","0","0","0","0","0","0","0","0","0","0","0","0","0","0","0","0"
"No","14-MAR-24","12-MAR-24","23:47:00Z","CHARLOTTE","NORTH CAROLINA","UNITED STATES","AIRCRAFT STRUCK A BIRD ON DEPARTURE DAMAGING THE WINDSHIELD, CHARLOTTE, NC.","INCIDENT","CHARLOTTE FSDO","N914UY","AAL2410","AMERICAN AIRLINES","AIRBUS","A321","No","MINOR","COMMERCIAL","TAKEOFF (TOF)","121","NONE","No","0","0","0","0","0","0","0","0","0","0","0","0","0","0","0","0","0","0","0","0"
"No","14-MAR-24","13-MAR-24","17:45:00Z","KNOX CITY","TEXAS","UNITED STATES","AIRCRAFT ROLLED OVER ON TAKEOFF, KNOX CITY, TX.","ACCIDENT","LUBBOCK FSDO","N3040P","","","ROBINSON","R44","No","SUBSTANTIAL","UNKNOWN","TAKEOFF (TOF)","91","NONE","No","1","0","0","0","0","0","0","0","0","0","0","0","0","0","0","0","0","0","0","0"
"No","14-MAR-24","13-MAR-24","17:46:00Z","SONOMA","CALIFORNIA","UNITED STATES","AIRCRAFT INTENDED TO LAND AT SONOMA RACETRACK BUT CRASHED INTO A UTILITY POLE AND FENCE NEAR THE RACETRACK, SONOMA, CA.","INCIDENT","OAKLAND FSDO","N245NS","","","BALONY KUBICEK SPOL","BB51Z","No","UNKNOWN","UNKNOWN","LANDING (LDG)","91","NONE","No","1","0","0","0","0","0","0","0","0","0","7","0","0","0","0","0","0","0","0","0"
"No","15-MAR-24","14-MAR-24","18:48:00Z","GRASS VALLEY","CALIFORNIA","UNITED STATES","AIRCRAFT PORPOISED ON LANDING AND RAN OFF SIDE OF RUNWAY, GRASS VALLEY, CA.","ACCIDENT","SACRAMENTO FSDO","N1SS","","","PIPER","AEROSTAR 601P","No","SUBSTANTIAL","PERSONAL","LANDING (LDG)","91","UNKNOWN","No","0","0","0","0","1","0","0","0","0","0","0","0","0","0","0","0","0","0","0","0"
"No","14-MAR-24","13-MAR-24","20:30:00Z","VALKARIA","FLORIDA","UNITED STATES","AIRCRAFT WING STRUCK THE TAIL OF N635FT WHICH WAS PARKED ON THE RAMP, VALKARIA, FL.","INCIDENT","ORLANDO FSDO","N625FT","","FLORIDA INSTITUTE OF TECHNOLOGY","PIPER","PA28","No","UNKNOWN","FAR 141 PILOT SCHOOL","TAXI (TXI)","91","NONE","No","1","0","0","0","0","0","0","0","0","0","0","0","0","0","0","0","0","0","0","0"
"No","14-MAR-24","13-MAR-24","18:00:00Z","HEMET","CALIFORNIA","UNITED STATES","AIRCRAFT GEAR COLLAPSED ON LANDING, HEMET, CA.","INCIDENT","RIVERSIDE FSDO","N5099P","","","PIPER","PA24","No","UNKNOWN","INSTRUCTION","LANDING (LDG)","91","NONE","No","1","0","0","0","0","0","0","0","0","0","1","0","0","0","0","0","0","0","0","0"
"No","15-MAR-24","14-MAR-24","17:19:00Z","WALLACE","NORTH CAROLINA","UNITED STATES","AIRCRAFT LANDED WITHOUT RIGHT HARD SURFACE LANDING GEAR AND SLID ON RIGHT FLOAT, WALLACE, NC.","INCIDENT","GREENSBORO FSDO","N4274K","","","MAULE","M-7","No","UNKNOWN","PERSONAL","LANDING (LDG)","91","NONE","No","1","0","0","0","0","0","0","0","0","0","0","0","0","0","0","0","0","0","0","0"
"No","15-MAR-24","14-MAR-24","17:15:00Z","EVERETT","WASHINGTON","UNITED STATES","AIRCRAFT LANDED GEAR UP, EVERETT, WA.","INCIDENT","SEATTLE FSDO","N293","","","CESSNA","T337","No","UNKNOWN","PERSONAL","LANDING (LDG)","91","NONE","No","1","0","0","0","0","0","0","0","0","0","0","0","0","0","0","0","0","0","0","0"
"No","15-MAR-24","14-MAR-24","17:05:00Z","EMPORIA","VIRGINIA","UNITED STATES","AIRCRAFT LANDED GEAR UP, EMPORIA, VA.","INCIDENT","RICHMOND FSDO","N511TT","","","CESSNA","177RG","No","UNKNOWN","PERSONAL","LANDING (LDG)","91","NONE","No","1","0","0","0","0","0","0","0","0","0","0","0","0","0","0","0","0","0","0","0"
"No","15-MAR-24","13-MAR-24","21:15:00Z","LUBBOCK","TEXAS","UNITED STATES","AIRCRAFT LANDED AND HIT A RUNWAY LIGHT, LUBBOCK, TX.","INCIDENT","LUBBOCK FSDO","N979MB","","","SOCATA","TBM700","No","UNKNOWN","PERSONAL","LANDING (LDG)","91","NONE","No","1","0","0","0","0","0","0","0","0","0","0","0","0","0","0","0","0","0","0","0"
"No","15-MAR-24","14-MAR-24","21:25:00Z","MESA","ARIZONA","UNITED STATES","AIRCRAFT LOST NOSE GEAR DURING TOUCH AND GO AND LANDED WITHOUT THE NOSE GEAR, MESA, AZ.","INCIDENT","SCOTTSDALE FSDO","N2334U","","","CESSNA","172","No","MINOR","INSTRUCTION","LANDING (LDG)","91","NONE","No","1","0","0","0","0","0","0","0","0","0","1","0","0","0","0","0","0","0","0","0"
"No","15-MAR-24","13-MAR-24","21:45:00Z","PORT AUSTIN","MICHIGAN","UNITED STATES","AIRCRAFT LANDED ON TURF AND FLIPPED OVER, PORT AUSTIN, MI.","INCIDENT","EAST MICHIGAN FSDO","N4159Y","","","BELLANCA","8GCBC","No","UNKNOWN","PERSONAL","LANDING (LDG)","91","NONE","No","1","0","0","0","0","0","0","0","0","0","0","0","0","0","0","0","0","0","0","0"
"No","15-MAR-24","14-MAR-24","15:00:00Z","HOLLYWOOD","FLORIDA","UNITED STATES","AIRCRAFT STRUCK A BIRD ON LANDING DAMAGING THE RIGHT WING, HOLLYWOOD, FL.","INCIDENT","SOUTH FLORIDA FSDO","N6300Q","","","CESSNA","152","No","UNKNOWN","PERSONAL","LANDING (LDG)","91","NONE","No","1","0","0","0","0","0","0","0","0","0","0","0","0","0","0","0","0","0","0","0"
"No","15-MAR-24","15-MAR-24","00:30:00Z","HOUSTON","ALASKA","UNITED STATES","AIRCRAFT CRASHED ON DEPARTURE DUE TO ENGINE ISSUES, HOUSTON, AK.","INCIDENT","ANCHORAGE FSDO","N9041K","","","STINSON","108","No","UNKNOWN","PERSONAL","TAKEOFF (TOF)","91","NONE","No","1","0","0","0","0","0","0","0","0","0","1","0","0","0","0","0","0","0","0","0"
"No","18-MAR-24","17-MAR-24","16:42:00Z","GILA BEND","ARIZONA","UNITED STATES","AIRCRAFT CRASHED UNDER UNKNOWN CIRCUMSTANCES, GILA BEND, AZ.","ACCIDENT","SCOTTSDALE FSDO","N4425L","","","EXPERIMENTAL","AIR CREATION TWIN","No","UNKNOWN","PERSONAL","TAKEOFF (TOF)","91","FATAL","Yes","0","0","0","1","0","0","0","0","0","0","0","0","1","0","0","0","0","0","0","0"
"No","18-MAR-24","15-MAR-24","19:55:00Z","RAWLINS","WYOMING","UNITED STATES","AIRCRAFT HIT A POWER LINE ON APPROACH, CRASHED AND BECAME INVERTED, RAWLINS, WY.","ACCIDENT","DENVER FSDO","N43373","","","ZENITH","ZODIAC","No","SUBSTANTIAL","PERSONAL","APPROACH (APR)","91","MINOR","No","0","1","0","0","0","0","0","0","0","0","0","0","0","0","0","0","0","0","0","0"
"No","18-MAR-24","16-MAR-24","21:12:00Z","REIDSVILLE","GEORGIA","UNITED STATES","AIRCRAFT EXPERIENCED ENGINE ISSUES, DECLARED AN EMERGENCY AND DEPLOYED THE PARACHUTE AND CRASHED INTO TREES, REIDSVILLE, GA.","ACCIDENT","ATLANTA FSDO","N469GB","","","CIRRUS","SR22","No","SUBSTANTIAL","PERSONAL","EN ROUTE (ENR)","91","NONE","No","1","0","0","0","0","0","0","0","0","0","1","0","0","0","0","0","0","0","0","0"
"No","18-MAR-24","16-MAR-24","19:00:00Z","ASOTIN","WASHINGTON","UNITED STATES","AIRCRAFT STRUCK POWER LINE AND CRASHED IN THE SNAKE RIVER, ASOTIN, WA.","ACCIDENT","SPOKANE FSDO","N295P","","","KITFOX","S7 SUPER SPORT","No","UNKNOWN","PERSONAL","UNKNOWN (UNK)","91","SERIOUS","No","0","0","1","0","0","0","0","0","0","0","0","0","1","0","0","0","0","0","0","0"
"No","18-MAR-24","16-MAR-24","19:45:00Z","OAKDALE","CALIFORNIA","UNITED STATES","AIRCRAFT CRASHED DUE TO FUEL EXHAUSTION, OAKDALE, CA.","ACCIDENT","FRESNO FSDO","N38RK","","","MOONEY","M20K","No","SUBSTANTIAL","PERSONAL","UNKNOWN (UNK)","91","NONE","No","1","0","0","0","0","0","0","0","0","0","1","0","0","0","0","0","0","0","0","0"
"No","18-MAR-24","15-MAR-24","15:08:00Z","HOUSTON","TEXAS","UNITED STATES","AIRCRAFT STRUCK A BIRD TO THE NOSE, HOUSTON, TX.","INCIDENT","HOUSTON FSDO","N930AU","AAL1804","AMERICAN AIRLINES","AIRBUS","A321","No","UNKNOWN","COMMERCIAL","INITIAL CLIMB (ICL)","121","NONE","No","0","0","0","0","0","0","0","0","0","0","0","0","0","0","0","0","0","0","0","0"
"No","18-MAR-24","16-MAR-24","16:36:00Z","REDMOND","OREGON","UNITED STATES","AIRCRAFT LANDED AND VEERED OFF RUNWAY HITTING A TAXIWAY LIGHT, REDMOND, OR.","INCIDENT","PORTLAND FSDO","N9SW","","","CESSNA","182","No","MINOR","PERSONAL","LANDING (LDG)","91","NONE","No","1","0","0","0","0","0","0","0","0","0","0","0","0","0","0","0","0","0","0","0"
"No","18-MAR-24","17-MAR-24","00:28:00Z","DANBURY","CONNECTICUT","UNITED STATES","AIRCRAFT VEERED OFF TAXIWAY INTO THE GRASS, DANBURY, CT.","INCIDENT","BRADLEY FSDO","N99NP","","","BEECH","A36","No","UNKNOWN","PERSONAL","TAXI (TXI)","91","NONE","No","1","0","0","0","0","0","0","0","0","0","3","0","0","0","0","0","0","0","0","0"
"No","18-MAR-24","16-MAR-24","23:45:00Z","PORT LAVACA","TEXAS","UNITED STATES","AIRCRAFT MADE A HARD EMERGENCY LANDING ON PILOT'S OWN PROPERTY DUE TO ENGINE ISSUES, PORT LAVACA, TX.","INCIDENT","SAN ANTONIO FSDO","N280WR","","","ENSTROM","280C","No","UNKNOWN","PERSONAL","UNKNOWN (UNK)","91","MINOR","No","0","1","0","0","0","0","0","0","0","0","0","0","0","0","0","0","0","0","0","0"
"No","18-MAR-24","15-MAR-24","20:18:00Z","LOGAN","WEST VIRGINIA","UNITED STATES","AIRCRAFT LANDED AND VEERED OFF RUNWAY INTO TREES, LOGAN, WV.","INCIDENT","CHARLESTON FSDO","N312DD","","","CIRRUS","SR20","No","UNKNOWN","PERSONAL","LANDING (LDG)","91","MINOR","No","0","1","0","0","0","0","0","0","0","0","0","0","0","0","0","0","0","0","0","0"
"No","18-MAR-24","16-MAR-24","19:10:00Z","SOMERSET","PENNSYLVANIA","UNITED STATES","AIRCRAFT LANDED AND VEERED OFF RUNWAY HITTING MULTIPLE LIGHTS AND TAXIWAY SIGN WHICH CAUSED THE MAIN GEAR AND LEFT MAIN FLAP TO SEPARATE, SOMERSET, PA.","INCIDENT","ALLEGHENY FSDO","N200AG","","","BEECH","A23-24","No","UNKNOWN","PERSONAL","LANDING (LDG)","91","NONE","No","1","0","0","0","0","0","0","0","0","0","1","0","0","0","0","0","0","0","0","0"
"No","18-MAR-24","17-MAR-24","21:04:00Z","KENOSHA","WISCONSIN","UNITED STATES","AIRCRAFT EXPERIENCED ENGINE ISSUES AND LANDED IN A FIELD, KENOSHA, WI.","INCIDENT","MILWAUKEE FSDO","N485NK","","","AUTOGYRO GMBH","CALIDUS","No","UNKNOWN","PERSONAL","UNKNOWN (UNK)","91","NONE","No","1","0","0","0","0","0","0","0","0","0","0","0","0","0","0","0","0","0","0","0"
"No","18-MAR-24","15-MAR-24","20:20:00Z","RIDGELAND","SOUTH CAROLINA","UNITED STATES","AIRCRAFT LANDED GEAR UP, RIDGELAND, SC.","INCIDENT","COLUMBIA FSDO","N529KM","","","PIPER","PA28R","No","UNKNOWN","PERSONAL","LANDING (LDG)","91","NONE","No","1","0","0","0","0","0","0","0","0","0","0","0","0","0","0","0","0","0","0","0"
"No","18-MAR-24","17-MAR-24","20:00:00Z","CAMARILLO","CALIFORNIA","UNITED STATES","AIRCRAFT CONDUCTING TOUCH AND GO, POWER-UP FOR TAKEOFF AND VEERED OFF THE RUNWAY INTO THE INFIELD, CAMARILLO, CA.","INCIDENT","VAN NUYS FSDO","N201RP","","","MOONEY","M20J","No","UNKNOWN","PERSONAL","MANEUVERING (MNV)","91","NONE","No","1","0","0","0","0","0","0","0","0","0","0","0","0","0","0","0","0","0","0","0"
"No","18-MAR-24","17-MAR-24","12:20:00Z","WAYCROSS","GEORGIA","UNITED STATES","AIRCRAFT DECLARED AN EMERGENCY DUE TO AN OIL PRESSURE ISSUE, ATTEMPTED TO DIVERT AND CRASHED IN A FIELD, WAYCROSS, GA.","ACCIDENT","ATLANTA FSDO","N729CW","","","BEECH","A36","No","SUBSTANTIAL","PERSONAL","EN ROUTE (ENR)","91","NONE","No","1","0","0","0","0","0","0","0","0","0","2","0","0","0","0","0","0","0","0","0"
"No","18-MAR-24","15-MAR-24","20:10:00Z","MELBOURNE","FLORIDA","UNITED STATES","AIRCRAFT LANDED AND GROUND LOOPED, MELBOURNE, FL.","INCIDENT","ORLANDO FSDO","N838ER","","EMBRY RIDDLE AERONAUTICAL UNIVERSITY","CESSNA","172","No","MINOR","FAR 141 PILOT SCHOOL","LANDING (LDG)","91","NONE","No","1","0","0","0","0","0","0","0","0","0","0","0","0","0","0","0","0","0","0","0"
"No","18-MAR-24","17-MAR-24","17:11:00Z","RALSTON PEAK","CALIFORNIA","UNITED STATES","AIRCRAFT MADE A HARD LANDING, RALSTON PEAK, CA.","INCIDENT","RENO FSDO","N992TC","","","ROBINSON","R44","No","MINOR","SIGHT SEEING","LANDING (LDG)","","NONE","No","1","0","0","0","0","0","0","0","0","0","3","0","0","0","0","0","0","0","0","0"
"No","18-MAR-24","16-MAR-24","03:55:00Z","TALKEETNA","ALASKA","UNITED STATES","AIRCRAFT MADE AN EMERGENCY LANDING ON A HIGHWAY, TALKEETNA, AK.","INCIDENT","ANCHORAGE FSDO","N3208A","","","CESSNA","170","No","UNKNOWN","PERSONAL","EN ROUTE (ENR)","91","NONE","No","1","0","0","0","0","0","0","0","0","0","0","0","0","0","0","0","0","0","0","0"
"No","18-MAR-24","16-MAR-24","17:42:00Z","PASO ROBLES","CALIFORNIA","UNITED STATES","AIRCRAFT ON LANDING AND VEERED OFF RUNWAY CAUSING THE FRONT LANDING GEAR TO COLLAPSE, PASO ROBLES, CA.","INCIDENT","SAN JOSE FSDO","N4708L","","","PIPER","PA28","No","MINOR","PERSONAL","LANDING (LDG)","91","NONE","No","1","0","0","0","0","0","0","0","0","0","0","0","0","0","0","0","0","0","0","0"
"No","18-MAR-24","16-MAR-24","00:45:00Z","ORLANDO","FLORIDA","UNITED STATES","AIRCRAFT TAXIING FOR DEPARTURE AND VEERED INTO THE GRASS STRIKING A TAXIWAY LIGHT, ORLANDO, FL.","INCIDENT","ORLANDO FSDO","N7577E","","","CHAMPION","7EC","No","UNKNOWN","PERSONAL","TAXI (TXI)","91","UNKNOWN","No","0","0","0","0","0","0","0","0","0","0","0","0","0","0","0","0","0","0","0","0"
"No","18-MAR-24","14-MAR-24","19:30:00Z","CRYSTAL RIVER","FLORIDA","UNITED STATES","AIRCRAFT WAS BEING HAND CRANKED BY THE PILOT, JUMPED THE WHEEL CHOCKS AND COLLIDED WITH N7901P THAT WAS DIED TOWN ON THE RAMP, CRYSTAL RIVER, FL.","INCIDENT","TAMPA FSDO","N71093","","","PIPER","J3C-65","No","UNKNOWN","PERSONAL","STANDING (STD)","91","NONE","No","1","0","0","0","0","0","0","0","0","0","0","0","0","0","0","0","0","0","0","0"
"No","18-MAR-24","16-MAR-24","18:26:00Z","MESA","ARIZONA","UNITED STATES","AIRCRAFT EXPERIENCED ROTOR WASH FROM N16315 DAMAGING THE DOOR, MESA, AZ.","INCIDENT","SCOTTSDALE FSDO","N98774","","","CESSNA","172","No","UNKNOWN","PERSONAL","UNKNOWN (UNK)","91","NONE","No","1","0","0","0","0","0","0","0","0","0","0","0","0","0","0","0","0","0","0","0"
"No","18-MAR-24","16-MAR-24","23:47:00Z","RIFLE","COLORADO","UNITED STATES","AIRCRAFT ON LANDING SLID OFF THE END OF THE RUNWAY, RIFLE, CO.","INCIDENT","SALT LAKE CITY FSDO","N85VM","TIV85","THRIVE AVIATION","TEXTRON","525","No","NONE","ON DEMAND","LANDING (LDG)","135","NONE","No","2","0","0","0","0","0","0","0","0","0","0","0","0","0","0","0","0","0","0","0"
"No","18-MAR-24","15-MAR-24","20:46:00Z","MEDFORD","OREGON","UNITED STATES","AIRCRAFT LANDED AND POST FLIGHT INSPECTION REVEALED A MISSING PANEL, MEDFORD, OR.","INCIDENT","PORTLAND FSDO","N26226","UAL433","UNITED AIRLINES","BOEING","737","No","UNKNOWN","COMMERCIAL","LANDING (LDG)","121","NONE","No","0","0","0","0","0","0","0","0","0","0","0","0","0","0","0","0","0","0","0","0"
"No","18-MAR-24","16-MAR-24","13:25:00Z","FORT PIERCE","FLORIDA","UNITED STATES","AIRCRAFT LANDED AND VEERED OFF RUNWAY INTO THE GRASS, FORT PIERCE, FL.","INCIDENT","ORLANDO FSDO","N608AC","","","PIPER","PA28","No","UNKNOWN","PERSONAL","LANDING (LDG)","91","NONE","No","1","0","0","0","0","0","0","0","0","0","0","0","0","0","0","0","0","0","0","0"
"No","18-MAR-24","18-MAR-24","00:05:00Z","ANCHORAGE","ALASKA","UNITED STATES","AIRCRAFT LANDED, WENT INTO DEEP SNOW AND FLIPPED OVER, ANCHORAGE, AK.","INCIDENT","ANCHORAGE FSDO","N696AK","","","EXPERIMENTAL","DARD 1","No","UNKNOWN","PERSONAL","LANDING (LDG)","91","NONE","No","1","0","0","0","0","0","0","0","0","0","1","0","0","0","0","0","0","0","0","0"
"No","18-MAR-24","18-MAR-24","00:43:00Z","SANDIA PARK","NEW MEXICO","UNITED STATES","AIRCRAFT ENCOUNTERED IFR CONDITIONS AND LANDED ON A ROAD, SANDIA PARK, NM.","INCIDENT","ALBUQUERQUE FSDO","N5403K","","","RYAN AIRCRAFT","NAVION","No","UNKNOWN","PERSONAL","EN ROUTE (ENR)","91","NONE","No","1","0","0","0","0","0","0","0","0","0","0","0","0","0","0","0","0","0","0","0"
"No","19-MAR-24","18-MAR-24","21:40:00Z","BELLEVILLE","WEST VIRGINIA","UNITED STATES","AIRCRAFT CRASHED UNDER UNKNOWN CIRCUMSTANCES IN A WOODED AREA WHILE PERFORMING LOW-LEVEL TREE WORK, BELLEVILLE, WV.","ACCIDENT","CHARLESTON FSDO","N102SU","","","HUGHES","369","No","UNKNOWN","OTHER","MANEUVERING (MNV)","91","SERIOUS","No","0","0","1","0","0","0","0","0","0","0","0","0","0","0","0","0","0","0","0","0"
"Yes","19-MAR-24","18-MAR-24","18:39:00Z","CARBONDALE","ILLINOIS","UNITED STATES","AIRCRAFT ON LANDING, EXPERIENCED A GUST OF WIND AND VEERED OFF RUNWAY, CARBONDALE, IL.","ACCIDENT","SPRINGFIELD FSDO","N919DD","","","CESSNA","172","No","SUBSTANTIAL","PERSONAL","LANDING (LDG)","91","NONE","No","1","0","0","0","0","0","0","0","0","0","0","0","0","0","0","0","0","0","0","0"
"No","19-MAR-24","18-MAR-24","15:40:00Z","OZARK","MISSOURI","UNITED STATES","AIRCRAFT LANDED AND THE LEFT MAIN GEAR COLLAPSED, OZARK, MO.","INCIDENT","KANSAS CITY FSDO","N1058J","","","AERO COMMANDER","112","No","UNKNOWN","PERSONAL","LANDING (LDG)","91","NONE","No","1","0","0","0","0","0","0","0","0","0","1","0","0","0","0","0","0","0","0","0"
"No","19-MAR-24","18-MAR-24","18:45:00Z","PORTLAND","OREGON","UNITED STATES","AIRCRAFT DOING TOUCH-AND-GOS, ABORTED TAKEOFF DUE TO A FLOCK OF BIRDS AND VEERED OFF RUNWAY AND BLEW A TIRE, PORTLAND, OR.","INCIDENT","PORTLAND FSDO","N26805","","","GULFSTREAM","AA-5A","No","MINOR","INSTRUCTION","MANEUVERING (MNV)","91","NONE","No","1","0","0","0","0","0","0","0","0","0","0","0","0","0","0","0","0","0","0","0"
"No","19-MAR-24","18-MAR-24","23:14:00Z","SHERMAN","TEXAS","UNITED STATES","AIRCRAFT NOSE GEAR COLLAPSED ON LANDING, SHERMAN, TX.","INCIDENT","NORTH TEXAS FSDO","N488DD","","","BEECH","35-C33A","No","UNKNOWN","PERSONAL","LANDING (LDG)","91","NONE","No","1","0","0","0","0","0","0","0","0","0","0","0","0","0","0","0","0","0","0","0"
